{"CLOUDY_PIXEL_PERCENTAGE": 9.9194, "CLOUD_COVERAGE_ASSESSMENT": 9.9194, "DATASTRIP_ID": "S2B_OPER_MSI_L1C_DS_VGS1_20200823T074854_S20200823T055618_N02.09", "DATATAKE_IDENTIFIER": "GS2B_20200823T054639_018092_N02.09", "DATATAKE_TYPE": "INS-NOBS", "DEGRADED_MSI_DATA_PERCENTAGE": 0, "FORMAT_CORRECTNESS": "PASSED", "GENERAL_QUALITY": "PASSED", "GENERATION_TIME": 1598168934000, "GEOMETRIC_QUALITY": "PASSED", "GRANULE_ID": "L1C_T43RCP_A018092_20200823T055618", "MEAN_INCIDENCE_AZIMUTH_ANGLE_B1": 283.257020369483, "MEAN_INCIDENCE_AZIMUTH_ANGLE_B10": 283.025777407531, "MEAN_INCIDENCE_AZIMUTH_ANGLE_B11": 283.109332002097, "MEAN_INCIDENCE_AZIMUTH_ANGLE_B12": 283.203561278165, "MEAN_INCIDENCE_AZIMUTH_ANGLE_B2": 283.102469027509, "MEAN_INCIDENCE_AZIMUTH_ANGLE_B3": 283.110241399535, "MEAN_INCIDENCE_AZIMUTH_ANGLE_B4": 283.152186626877, "MEAN_INCIDENCE_AZIMUTH_ANGLE_B5": 283.164379457402, "MEAN_INCIDENCE_AZIMUTH_ANGLE_B6": 283.194993925224, "MEAN_INCIDENCE_AZIMUTH_ANGLE_B7": 283.216173319468, "MEAN_INCIDENCE_AZIMUTH_ANGLE_B8": 283.109624554824, "MEAN_INCIDENCE_AZIMUTH_ANGLE_B8A": 283.276481843331, "MEAN_INCIDENCE_AZIMUTH_ANGLE_B9": 283.273410453828, "MEAN_INCIDENCE_ZENITH_ANGLE_B1": 8.16299977835365, "MEAN_INCIDENCE_ZENITH_ANGLE_B10": 8.00851666845529, "MEAN_INCIDENCE_ZENITH_ANGLE_B11": 8.07135212470899, "MEAN_INCIDENCE_ZENITH_ANGLE_B12": 8.1404508451693, "MEAN_INCIDENCE_ZENITH_ANGLE_B2": 7.96087678893633, "MEAN_INCIDENCE_ZENITH_ANGLE_B3": 7.98461809352465, "MEAN_INCIDENCE_ZENITH_ANGLE_B4": 8.02734329846602, "MEAN_INCIDENCE_ZENITH_ANGLE_B5": 8.0499505073827, "MEAN_INCIDENCE_ZENITH_ANGLE_B6": 8.07517748595252, "MEAN_INCIDENCE_ZENITH_ANGLE_B7": 8.10305697432866, "MEAN_INCIDENCE_ZENITH_ANGLE_B8": 7.97320427867225, "MEAN_INCIDENCE_ZENITH_ANGLE_B8A": 8.13305610825895, "MEAN_INCIDENCE_ZENITH_ANGLE_B9": 8.19579593822757, "MEAN_SOLAR_AZIMUTH_ANGLE": 136.674959916913, "MEAN_SOLAR_ZENITH_ANGLE": 24.6544657860765, "MGRS_TILE": "43RCP", "PROCESSING_BASELINE": "02.09", "PRODUCT_ID": "S2B_MSIL1C_20200823T054639_N0209_R048_T43RCP_20200823T074854", "RADIOMETRIC_QUALITY": "PASSED", "REFLECTANCE_CONVERSION_CORRECTION": 0.976881292463678, "SENSING_ORBIT_DIRECTION": "DESCENDING", "SENSING_ORBIT_NUMBER": 48, "SENSOR_QUALITY": "PASSED", "SOLAR_IRRADIANCE_B1": 1874.3, "SOLAR_IRRADIANCE_B10": 365.41, "SOLAR_IRRADIANCE_B11": 247.08, "SOLAR_IRRADIANCE_B12": 87.75, "SOLAR_IRRADIANCE_B2": 1959.75, "SOLAR_IRRADIANCE_B3": 1824.93, "SOLAR_IRRADIANCE_B4": 1512.79, "SOLAR_IRRADIANCE_B5": 1425.78, "SOLAR_IRRADIANCE_B6": 1291.13, "SOLAR_IRRADIANCE_B7": 1175.57, "SOLAR_IRRADIANCE_B8": 1041.28, "SOLAR_IRRADIANCE_B8A": 953.93, "SOLAR_IRRADIANCE_B9": 817.58, "SPACECRAFT_NAME": "Sentinel-2B", "system:asset_size": 1259271690, "system:band_names": ["B1", "B2", "B3", "B4", "B5", "B6", "B7", "B8", "B8A", "B9", "B10", "B11", "B12", "QA10", "QA20", "QA60"], "system:bands": {"B10": {"data_type": {"type": "PixelType", "precision": "int", "min": 0, "max": 65535}, "dimensions": [1830, 1830], "crs": "EPSG:32643", "crs_transform": [60, 0, 300000, 0, -60, 3400020]}, "B11": {"data_type": {"type": "PixelType", "precision": "int", "min": 0, "max": 65535}, "dimensions": [5490, 5490], "crs": "EPSG:32643", "crs_transform": [20, 0, 300000, 0, -20, 3400020]}, "B12": {"data_type": {"type": "PixelType", "precision": "int", "min": 0, "max": 65535}, "dimensions": [5490, 5490], "crs": "EPSG:32643", "crs_transform": [20, 0, 300000, 0, -20, 3400020]}, "QA10": {"data_type": {"type": "PixelType", "precision": "int", "min": 0, "max": 65535}, "dimensions": [10980, 10980], "crs": "EPSG:32643", "crs_transform": [10, 0, 300000, 0, -10, 3400020]}, "B8A": {"data_type": {"type": "PixelType", "precision": "int", "min": 0, "max": 65535}, "dimensions": [5490, 5490], "crs": "EPSG:32643", "crs_transform": [20, 0, 300000, 0, -20, 3400020]}, "QA20": {"data_type": {"type": "PixelType", "precision": "int", "min": 0, "max": 4294967295}, "dimensions": [5490, 5490], "crs": "EPSG:32643", "crs_transform": [20, 0, 300000, 0, -20, 3400020]}, "B1": {"data_type": {"type": "PixelType", "precision": "int", "min": 0, "max": 65535}, "dimensions": [1830, 1830], "crs": "EPSG:32643", "crs_transform": [60, 0, 300000, 0, -60, 3400020]}, "QA60": {"data_type": {"type": "PixelType", "precision": "int", "min": 0, "max": 65535}, "dimensions": [1830, 1830], "crs": "EPSG:32643", "crs_transform": [60, 0, 300000, 0, -60, 3400020]}, "B2": {"data_type": {"type": "PixelType", "precision": "int", "min": 0, "max": 65535}, "dimensions": [10980, 10980], "crs": "EPSG:32643", "crs_transform": [10, 0, 300000, 0, -10, 3400020]}, "B3": {"data_type": {"type": "PixelType", "precision": "int", "min": 0, "max": 65535}, "dimensions": [10980, 10980], "crs": "EPSG:32643", "crs_transform": [10, 0, 300000, 0, -10, 3400020]}, "B4": {"data_type": {"type": "PixelType", "precision": "int", "min": 0, "max": 65535}, "dimensions": [10980, 10980], "crs": "EPSG:32643", "crs_transform": [10, 0, 300000, 0, -10, 3400020]}, "B5": {"data_type": {"type": "PixelType", "precision": "int", "min": 0, "max": 65535}, "dimensions": [5490, 5490], "crs": "EPSG:32643", "crs_transform": [20, 0, 300000, 0, -20, 3400020]}, "B6": {"data_type": {"type": "PixelType", "precision": "int", "min": 0, "max": 65535}, "dimensions": [5490, 5490], "crs": "EPSG:32643", "crs_transform": [20, 0, 300000, 0, -20, 3400020]}, "B7": {"data_type": {"type": "PixelType", "precision": "int", "min": 0, "max": 65535}, "dimensions": [5490, 5490], "crs": "EPSG:32643", "crs_transform": [20, 0, 300000, 0, -20, 3400020]}, "B8": {"data_type": {"type": "PixelType", "precision": "int", "min": 0, "max": 65535}, "dimensions": [10980, 10980], "crs": "EPSG:32643", "crs_transform": [10, 0, 300000, 0, -10, 3400020]}, "B9": {"data_type": {"type": "PixelType", "precision": "int", "min": 0, "max": 65535}, "dimensions": [1830, 1830], "crs": "EPSG:32643", "crs_transform": [60, 0, 300000, 0, -60, 3400020]}}, "system:footprint": {"type": "LinearRing", "coordinates": [[74.05768248412737, 30.729690632651725], [74.05764358076966, 30.729738874020356], [72.91139471150142, 30.716353622327702], [72.91134721518908, 30.71631632861604], [72.91129151741421, 30.716282436615717], [72.92183330704454, 30.22126525858613], [72.93211590293261, 29.72622780674982], [72.93215888921726, 29.72618695317758], [72.93219791030333, 29.72613906192144], [73.78373043849831, 29.73670522306403], [73.78683459455229, 29.73709547818547], [73.7868653836318, 29.737127012058547], [73.78691035542747, 29.73714081004009], [73.78691996018091, 29.73716169690427], [73.86466893637812, 29.993950467723245], [74.02092395279485, 30.546366663024155], [74.05479545680916, 30.66572712903607], [74.05755752723118, 30.682354420578697], [74.0581481584918, 30.686155122066182], [74.05772542123408, 30.729649473637277], [74.05768248412737, 30.729690632651725]]}, "system:id": "COPERNICUS/S2/20200823T054639_20200823T055618_T43RCP", "system:index": "20200823T054639_20200823T055618_T43RCP", "system:time_end": 1598162442657, "system:time_start": 1598162442657, "system:version": 1598205566886374}