{"AOT_RETRIEVAL_ACCURACY": 0, "CLOUDY_PIXEL_PERCENTAGE": 1.948562, "CLOUD_COVERAGE_ASSESSMENT": 1.948562, "CLOUD_SHADOW_PERCENTAGE": 0.001542, "DARK_FEATURES_PERCENTAGE": 0.024602, "DATASTRIP_ID": "S2B_OPER_MSI_L2A_DS_VGS1_20200813T083230_S20200813T054952_N02.14", "DATATAKE_IDENTIFIER": "GS2B_20200813T054639_017949_N02.14", "DATATAKE_TYPE": "INS-NOBS", "DEGRADED_MSI_DATA_PERCENTAGE": 0, "FORMAT_CORRECTNESS": "PASSED", "GENERAL_QUALITY": "PASSED", "GENERATION_TIME": 1597307550000, "GEOMETRIC_QUALITY": "PASSED", "GRANULE_ID": "L2A_T43RCP_A017949_20200813T054952", "HIGH_PROBA_CLOUDS_PERCENTAGE": 0.055235, "MEAN_INCIDENCE_AZIMUTH_ANGLE_B1": 283.265246767311, "MEAN_INCIDENCE_AZIMUTH_ANGLE_B10": 283.05717213931, "MEAN_INCIDENCE_AZIMUTH_ANGLE_B11": 283.131787824987, "MEAN_INCIDENCE_AZIMUTH_ANGLE_B12": 283.205355398433, "MEAN_INCIDENCE_AZIMUTH_ANGLE_B2": 283.116939342832, "MEAN_INCIDENCE_AZIMUTH_ANGLE_B3": 283.128102064859, "MEAN_INCIDENCE_AZIMUTH_ANGLE_B4": 283.160173721938, "MEAN_INCIDENCE_AZIMUTH_ANGLE_B5": 283.156441529253, "MEAN_INCIDENCE_AZIMUTH_ANGLE_B6": 283.202635671059, "MEAN_INCIDENCE_AZIMUTH_ANGLE_B7": 283.224090492898, "MEAN_INCIDENCE_AZIMUTH_ANGLE_B8": 283.127483484413, "MEAN_INCIDENCE_AZIMUTH_ANGLE_B8A": 283.278512740616, "MEAN_INCIDENCE_AZIMUTH_ANGLE_B9": 283.306942532814, "MEAN_INCIDENCE_ZENITH_ANGLE_B1": 8.15065088154641, "MEAN_INCIDENCE_ZENITH_ANGLE_B10": 7.99551910836516, "MEAN_INCIDENCE_ZENITH_ANGLE_B11": 8.05495241276049, "MEAN_INCIDENCE_ZENITH_ANGLE_B12": 8.12460641879372, "MEAN_INCIDENCE_ZENITH_ANGLE_B2": 7.94340157602892, "MEAN_INCIDENCE_ZENITH_ANGLE_B3": 7.97539430414224, "MEAN_INCIDENCE_ZENITH_ANGLE_B4": 8.01017444948975, "MEAN_INCIDENCE_ZENITH_ANGLE_B5": 8.02926029684036, "MEAN_INCIDENCE_ZENITH_ANGLE_B6": 8.06257789888876, "MEAN_INCIDENCE_ZENITH_ANGLE_B7": 8.09054039012309, "MEAN_INCIDENCE_ZENITH_ANGLE_B8": 7.95576314516298, "MEAN_INCIDENCE_ZENITH_ANGLE_B8A": 8.11718282373492, "MEAN_INCIDENCE_ZENITH_ANGLE_B9": 8.18708482174386, "MEAN_SOLAR_AZIMUTH_ANGLE": 130.416728948948, "MEAN_SOLAR_ZENITH_ANGLE": 22.5191722338873, "MEDIUM_PROBA_CLOUDS_PERCENTAGE": 1.705544, "MGRS_TILE": "43RCP", "NODATA_PIXEL_PERCENTAGE": 12.018175, "NOT_VEGETATED_PERCENTAGE": 36.778858, "PROCESSING_BASELINE": "02.14", "PRODUCT_ID": "S2B_MSIL2A_20200813T054639_N0214_R048_T43RCP_20200813T083230", "RADIATIVE_TRANSFER_ACCURACY": 0, "RADIOMETRIC_QUALITY": "PASSED", "REFLECTANCE_CONVERSION_CORRECTION": 0.973294804560324, "SATURATED_DEFECTIVE_PIXEL_PERCENTAGE": 0, "SENSING_ORBIT_DIRECTION": "DESCENDING", "SENSING_ORBIT_NUMBER": 48, "SENSOR_QUALITY": "PASSED", "SNOW_ICE_PERCENTAGE": 0, "SOLAR_IRRADIANCE_B1": 1874.3, "SOLAR_IRRADIANCE_B10": 365.41, "SOLAR_IRRADIANCE_B11": 247.08, "SOLAR_IRRADIANCE_B12": 87.75, "SOLAR_IRRADIANCE_B2": 1959.75, "SOLAR_IRRADIANCE_B3": 1824.93, "SOLAR_IRRADIANCE_B4": 1512.79, "SOLAR_IRRADIANCE_B5": 1425.78, "SOLAR_IRRADIANCE_B6": 1291.13, "SOLAR_IRRADIANCE_B7": 1175.57, "SOLAR_IRRADIANCE_B8": 1041.28, "SOLAR_IRRADIANCE_B8A": 953.93, "SOLAR_IRRADIANCE_B9": 817.58, "SPACECRAFT_NAME": "Sentinel-2B", "THIN_CIRRUS_PERCENTAGE": 0.187783, "UNCLASSIFIED_PERCENTAGE": 10.333271, "VEGETATION_PERCENTAGE": 50.820172, "WATER_PERCENTAGE": 0.092994, "WATER_VAPOUR_RETRIEVAL_ACCURACY": 0, "system:asset_size": 1616861148, "system:band_names": ["B1", "B2", "B3", "B4", "B5", "B6", "B7", "B8", "B8A", "B9", "B11", "B12", "AOT", "WVP", "SCL", "TCI_R", "TCI_G", "TCI_B", "MSK_CLDPRB", "MSK_SNWPRB", "QA10", "QA20", "QA60"], "system:bands": {"B11": {"data_type": {"type": "PixelType", "precision": "int", "min": 0, "max": 65535}, "dimensions": [5490, 5490], "crs": "EPSG:32643", "crs_transform": [20, 0, 300000, 0, -20, 3400020]}, "TCI_B": {"data_type": {"type": "PixelType", "precision": "int", "min": 0, "max": 255}, "dimensions": [10980, 10980], "crs": "EPSG:32643", "crs_transform": [10, 0, 300000, 0, -10, 3400020]}, "B12": {"data_type": {"type": "PixelType", "precision": "int", "min": 0, "max": 65535}, "dimensions": [5490, 5490], "crs": "EPSG:32643", "crs_transform": [20, 0, 300000, 0, -20, 3400020]}, "AOT": {"data_type": {"type": "PixelType", "precision": "int", "min": 0, "max": 65535}, "dimensions": [10980, 10980], "crs": "EPSG:32643", "crs_transform": [10, 0, 300000, 0, -10, 3400020]}, "QA10": {"data_type": {"type": "PixelType", "precision": "int", "min": 0, "max": 65535}, "dimensions": [10980, 10980], "crs": "EPSG:32643", "crs_transform": [10, 0, 300000, 0, -10, 3400020]}, "B8A": {"data_type": {"type": "PixelType", "precision": "int", "min": 0, "max": 65535}, "dimensions": [5490, 5490], "crs": "EPSG:32643", "crs_transform": [20, 0, 300000, 0, -20, 3400020]}, "QA20": {"data_type": {"type": "PixelType", "precision": "int", "min": 0, "max": 4294967295}, "dimensions": [5490, 5490], "crs": "EPSG:32643", "crs_transform": [20, 0, 300000, 0, -20, 3400020]}, "MSK_CLDPRB": {"data_type": {"type": "PixelType", "precision": "int", "min": 0, "max": 255}, "dimensions": [5490, 5490], "crs": "EPSG:32643", "crs_transform": [20, 0, 300000, 0, -20, 3400020]}, "B1": {"data_type": {"type": "PixelType", "precision": "int", "min": 0, "max": 65535}, "dimensions": [1830, 1830], "crs": "EPSG:32643", "crs_transform": [60, 0, 300000, 0, -60, 3400020]}, "QA60": {"data_type": {"type": "PixelType", "precision": "int", "min": 0, "max": 65535}, "dimensions": [1830, 1830], "crs": "EPSG:32643", "crs_transform": [60, 0, 300000, 0, -60, 3400020]}, "B2": {"data_type": {"type": "PixelType", "precision": "int", "min": 0, "max": 65535}, "dimensions": [10980, 10980], "crs": "EPSG:32643", "crs_transform": [10, 0, 300000, 0, -10, 3400020]}, "WVP": {"data_type": {"type": "PixelType", "precision": "int", "min": 0, "max": 65535}, "dimensions": [10980, 10980], "crs": "EPSG:32643", "crs_transform": [10, 0, 300000, 0, -10, 3400020]}, "B3": {"data_type": {"type": "PixelType", "precision": "int", "min": 0, "max": 65535}, "dimensions": [10980, 10980], "crs": "EPSG:32643", "crs_transform": [10, 0, 300000, 0, -10, 3400020]}, "B4": {"data_type": {"type": "PixelType", "precision": "int", "min": 0, "max": 65535}, "dimensions": [10980, 10980], "crs": "EPSG:32643", "crs_transform": [10, 0, 300000, 0, -10, 3400020]}, "TCI_R": {"data_type": {"type": "PixelType", "precision": "int", "min": 0, "max": 255}, "dimensions": [10980, 10980], "crs": "EPSG:32643", "crs_transform": [10, 0, 300000, 0, -10, 3400020]}, "B5": {"data_type": {"type": "PixelType", "precision": "int", "min": 0, "max": 65535}, "dimensions": [5490, 5490], "crs": "EPSG:32643", "crs_transform": [20, 0, 300000, 0, -20, 3400020]}, "B6": {"data_type": {"type": "PixelType", "precision": "int", "min": 0, "max": 65535}, "dimensions": [5490, 5490], "crs": "EPSG:32643", "crs_transform": [20, 0, 300000, 0, -20, 3400020]}, "B7": {"data_type": {"type": "PixelType", "precision": "int", "min": 0, "max": 65535}, "dimensions": [5490, 5490], "crs": "EPSG:32643", "crs_transform": [20, 0, 300000, 0, -20, 3400020]}, "B8": {"data_type": {"type": "PixelType", "precision": "int", "min": 0, "max": 65535}, "dimensions": [10980, 10980], "crs": "EPSG:32643", "crs_transform": [10, 0, 300000, 0, -10, 3400020]}, "B9": {"data_type": {"type": "PixelType", "precision": "int", "min": 0, "max": 65535}, "dimensions": [1830, 1830], "crs": "EPSG:32643", "crs_transform": [60, 0, 300000, 0, -60, 3400020]}, "MSK_SNWPRB": {"data_type": {"type": "PixelType", "precision": "int", "min": 0, "max": 255}, "dimensions": [5490, 5490], "crs": "EPSG:32643", "crs_transform": [20, 0, 300000, 0, -20, 3400020]}, "SCL": {"data_type": {"type": "PixelType", "precision": "int", "min": 0, "max": 255}, "dimensions": [5490, 5490], "crs": "EPSG:32643", "crs_transform": [20, 0, 300000, 0, -20, 3400020]}, "TCI_G": {"data_type": {"type": "PixelType", "precision": "int", "min": 0, "max": 255}, "dimensions": [10980, 10980], "crs": "EPSG:32643", "crs_transform": [10, 0, 300000, 0, -10, 3400020]}}, "system:footprint": {"type": "LinearRing",