{"CLOUDY_PIXEL_PERCENTAGE": 0.8438, "CLOUD_COVERAGE_ASSESSMENT": 0.8438, "DATASTRIP_ID": "S2B_OPER_MSI_L1C_DS_EPAE_20200604T083537_S20200604T054831_N02.09", "DATATAKE_IDENTIFIER": "GS2B_20200604T054639_016948_N02.09", "DATATAKE_TYPE": "INS-NOBS", "DEGRADED_MSI_DATA_PERCENTAGE": 0, "FORMAT_CORRECTNESS": "PASSED", "GENERAL_QUALITY": "PASSED", "GENERATION_TIME": 1591259737000, "GEOMETRIC_QUALITY": "PASSED", "GRANULE_ID": "L1C_T43RCP_A016948_20200604T054831", "MEAN_INCIDENCE_AZIMUTH_ANGLE_B1": 283.304762261342, "MEAN_INCIDENCE_AZIMUTH_ANGLE_B10": 283.065359550202, "MEAN_INCIDENCE_AZIMUTH_ANGLE_B11": 283.146360263154, "MEAN_INCIDENCE_AZIMUTH_ANGLE_B12": 283.242530656292, "MEAN_INCIDENCE_AZIMUTH_ANGLE_B2": 283.128288493188, "MEAN_INCIDENCE_AZIMUTH_ANGLE_B3": 283.145777297102, "MEAN_INCIDENCE_AZIMUTH_ANGLE_B4": 283.168635276442, "MEAN_INCIDENCE_AZIMUTH_ANGLE_B5": 283.198288777673, "MEAN_INCIDENCE_AZIMUTH_ANGLE_B6": 283.23238899133, "MEAN_INCIDENCE_AZIMUTH_ANGLE_B7": 283.257003785843, "MEAN_INCIDENCE_AZIMUTH_ANGLE_B8": 283.142043939085, "MEAN_INCIDENCE_AZIMUTH_ANGLE_B8A": 283.314657926166, "MEAN_INCIDENCE_AZIMUTH_ANGLE_B9": 283.349640354311, "MEAN_INCIDENCE_ZENITH_ANGLE_B1": 8.17278633650241, "MEAN_INCIDENCE_ZENITH_ANGLE_B10": 8.0148502704489, "MEAN_INCIDENCE_ZENITH_ANGLE_B11": 8.08135954908641, "MEAN_INCIDENCE_ZENITH_ANGLE_B12": 8.14687398097959, "MEAN_INCIDENCE_ZENITH_ANGLE_B2": 7.96652764047993, "MEAN_INCIDENCE_ZENITH_ANGLE_B3": 7.99843826225655, "MEAN_INCIDENCE_ZENITH_ANGLE_B4": 8.02944058793442, "MEAN_INCIDENCE_ZENITH_ANGLE_B5": 8.06001834956803, "MEAN_INCIDENCE_ZENITH_ANGLE_B6": 8.0851807745603, "MEAN_INCIDENCE_ZENITH_ANGLE_B7": 8.1129912507173, "MEAN_INCIDENCE_ZENITH_ANGLE_B8": 7.97881519047167, "MEAN_INCIDENCE_ZENITH_ANGLE_B8A": 8.13949663689649, "MEAN_INCIDENCE_ZENITH_ANGLE_B9": 8.20903301492254, "MEAN_SOLAR_AZIMUTH_ANGLE": 114.737658555307, "MEAN_SOLAR_ZENITH_ANGLE": 16.2120467978756, "MGRS_TILE": "43RCP", "PROCESSING_BASELINE": "02.09", "PRODUCT_ID": "S2B_MSIL1C_20200604T054639_N0209_R048_T43RCP_20200604T083537", "RADIOMETRIC_QUALITY": "PASSED", "REFLECTANCE_CONVERSION_CORRECTION": 0.972677384432858, "SENSING_ORBIT_DIRECTION": "DESCENDING", "SENSING_ORBIT_NUMBER": 48, "SENSOR_QUALITY": "PASSED", "SOLAR_IRRADIANCE_B1": 1874.3, "SOLAR_IRRADIANCE_B10": 365.41, "SOLAR_IRRADIANCE_B11": 247.08, "SOLAR_IRRADIANCE_B12": 87.75, "SOLAR_IRRADIANCE_B2": 1959.75, "SOLAR_IRRADIANCE_B3": 1824.93, "SOLAR_IRRADIANCE_B4": 1512.79, "SOLAR_IRRADIANCE_B5": 1425.78, "SOLAR_IRRADIANCE_B6": 1291.13, "SOLAR_IRRADIANCE_B7": 1175.57, "SOLAR_IRRADIANCE_B8": 1041.28, "SOLAR_IRRADIANCE_B8A": 953.93, "SOLAR_IRRADIANCE_B9": 817.58, "SPACECRAFT_NAME": "Sentinel-2B", "system:asset_size": 1154796545, "system:band_names": ["B1", "B2", "B3", "B4", "B5", "B6", "B7", "B8", "B8A", "B9", "B10", "B11", "B12", "QA10", "QA20", "QA60"], "system:bands": {"B10": {"data_type": {"type": "PixelType", "precision": "int", "min": 0, "max": 65535}, "dimensions": [1830, 1830], "crs": "EPSG:32643", "crs_transform": [60, 0, 300000, 0, -60, 3400020]}, "B11": {"data_type": {"type": "PixelType", "precision": "int", "min": 0, "max": 65535}, "dimensions": [5490, 5490], "crs": "EPSG:32643", "crs_transform": [20, 0, 300000, 0, -20, 3400020]}, "B12": {"data_type": {"type": "PixelType", "precision": "int", "min": 0, "max": 65535}, "dimensions": [5490, 5490], "crs": "EPSG:32643", "crs_transform": [20, 0, 300000, 0, -20, 3400020]}, "QA10": {"data_type": {"type": "PixelType", "precision": "int", "min": 0, "max": 65535}, "dimensions": [10980, 10980], "crs": "EPSG:32643", "crs_transform": [10, 0, 300000, 0, -10, 3400020]}, "B8A": {"data_type": {"type": "PixelType", "precision": "int", "min": 0, "max": 65535}, "dimensions": [5490, 5490], "crs": "EPSG:32643", "crs_transform": [20, 0, 300000, 0, -20, 3400020]}, "QA20": {"data_type": {"type": "PixelType", "precision": "int", "min": 0, "max": 4294967295}, "dimensions": [5490, 5490], "crs": "EPSG:32643", "crs_transform": [20, 0, 300000, 0, -20, 3400020]}, "B1": {"data_type": {"type": "PixelType", "precision": "int", "min": 0, "max": 65535}, "dimensions": [1830, 1830], "crs": "EPSG:32643", "crs_transform": [60, 0, 300000, 0, -60, 3400020]}, "QA60": {"data_type": {"type": "PixelType", "precision": "int", "min": 0, "max": 65535}, "dimensions": [1830, 1830], "crs": "EPSG:32643", "crs_transform": [60, 0, 300000, 0, -60, 3400020]}, "B2": {"data_type": {"type": "PixelType", "precision": "int", "min": 0, "max": 65535}, "dimensions": [10980, 10980], "crs": "EPSG:32643", "crs_transform": [10, 0, 300000, 0, -10, 3400020]}, "B3": {"data_type": {"type": "PixelType", "precision": "int", "min": 0, "max": 65535}, "dimensions": [10980, 10980], "crs": "EPSG:32643", "crs_transform": [10, 0, 300000, 0, -10, 3400020]}, "B4": {"data_type": {"type": "PixelType", "precision": "int", "min": 0, "max": 65535}, "dimensions": [10980, 10980], "crs": "EPSG:32643", "crs_transform": [10, 0, 300000, 0, -10, 3400020]}, "B5": {"data_type": {"type": "PixelType", "precision": "int", "min": 0, "max": 65535}, "dimensions": [5490, 5490], "crs": "EPSG:32643", "crs_transform": [20, 0, 300000, 0, -20, 3400020]}, "B6": {"data_type": {"type": "PixelType", "precision": "int", "min": 0, "max": 65535}, "dimensions": [5490, 5490], "crs": "EPSG:32643", "crs_transform": [20, 0, 300000, 0, -20, 3400020]}, "B7": {"data_type": {"type": "PixelType", "precision": "int", "min": 0, "max": 65535}, "dimensions": [5490, 5490], "crs": "EPSG:32643", "crs_transform": [20, 0, 300000, 0, -20, 3400020]}, "B8": {"data_type": {"type": "PixelType", "precision": "int", "min": 0, "max": 65535}, "dimensions": [10980, 10980], "crs": "EPSG:32643", "crs_transform": [10, 0, 300000, 0, -10, 3400020]}, "B9": {"data_type": {"type": "PixelType", "precision": "int", "min": 0, "max": 65535}, "dimensions": [1830, 1830], "crs": "EPSG:32643", "crs_transform": [60, 0, 300000, 0, -60, 3400020]}}, "system:footprint": {"type": "LinearRing", "coordinates": [[72.93211590293261, 29.72622780674982], [72.93219791030333, 29.72613906192144], [73.78089284160725, 29.736679128790332], [73.78112641458102, 29.737097852640574], [73.78132982571833, 29.73764980802131], [73.78371401141405, 29.745796038085718], [73.79324454495041, 29.77891108429378], [73.91105870285601, 30.188171028177276], [73.93208608422293, 30.260893120491936], [73.95675526793259, 30.346092905351075], [74.02555967004314, 30.583215573305942], [74.0479586373359, 30.66025870024961], [74.05644142722468, 30.689555769591145], [74.05805878854372, 30.695353352321423], [74.05772542123408, 30.729649473637277], [74.05764358076966, 30.729738874020356], [72.91129007540044, 30.716351917412954], [72.92183330704454, 30.22126525858613], [72.93211590293261, 29.72622780674982]]}, "system:id": "COPERNICUS/S2/20200604T054639_20200604T054831_T43RCP", "system:index": "20200604T054639_20200604T054831_T43RCP", "system:time_end": 1591250441044, "system:time_start": 1591250441044, "system:version": 1591295894268507}